,Updated on,2/2/2026,,,,,,,,,,,,,,,,,,,,,,,
,,,,,,,,,,"NA - No Learn++ Link
(Refer Comments for reasons)",NA - No registrations for the Program. Ex: Open for everyone to join,NA - No wailist for the Program. Ex: Open for everyone to join,,NA - When this is a open event for everyone (No prior registations). We dont calculate Attendance% & No Show%,,,"NA: Feedback not collected
NR: No responses for the feedback form shared",,,,,,,,
,,,Program Details,,,,,,,,Attendance Data,,,,,,Feedback Data,,,,,,,,
,Quarter,Unique Name,Training Name/Program Name,Program Type,Offering Type,Start Date  ,End Date,Learning Hours,Total Duration (Duration*No of attendees),L++ Link,"Registration
Count (Enrolled)","Waitlist
Count",No. of Attendees (Completed),Attendance %,No-show,No-show %,"Learner
Perception (CSAT %)","Learner
Activity","Avg. Trainer
Feedback","Avg. Training
Feedback",Average Feedback (Trainer+training),Count of Feedback,Response %,Feedback Form,Comments
,Q1,Agentic AI for Enterprises - 45764,Agentic AI for Enterprises,Tech,Ed Talk,17-Apr-2025,17-Apr-2025,1:30:00,628:30:00,L++ Link,NA,NA,419,NA,NA,NA,96,NA,NA,NA,NA,7,2%,Feedback Form Link,
,Q1,Architecting and Building Microservices - 45736,Architecting and Building Microservices,Tech,Calendar Offering,17-Mar-2025,20-Mar-2025,16:00:00,464:00:00,L++ Link,31,0,29,94%,2,6%,100,NA,4.0,4.3,4.1,4,14%,Feedback Form Link,
,Q1,Bazel Fundamentals - 45709,Bazel Fundamentals,Tech,Calendar Offering,18-Feb-2025,21-Feb-2025,16:00:00,464:00:00,L++ Link,35,0,29,83%,6,17%,40,NA,3.6,3.6,3.6,5,17%,Feedback Form Link,Updated on UDMS
,Q1,Coding in Core (CinC) - APAC/EMEA - 45702,Coding in Core (CinC) - APAC/EMEA,Onboarding,Onboarding,10-Feb-2025,14-Feb-2025,15:00:00,1620:00:00,L++ Link,122,0,108,89%,14,11%,NA,NA,NA,NA,NA,NA,NA,No Feedback Form,No Feedback Form
,Q1,Coding in Core (CinC) - APAC/EMEA - 45730,Coding in Core (CinC) - APAC/EMEA,Onboarding,Onboarding,10-Mar-2025,14-Mar-2025,15:00:00,1395:00:00,L++ Link,108,0,93,86%,15,14%,NA,NA,NA,NA,NA,NA,NA,No Feedback Form,No Feedback Form
,Q1,Coding in Core (CinC) - APAC/EMEA - 45758,Coding in Core (CinC) - APAC/EMEA,Onboarding,Onboarding,7-Apr-2025,11-Apr-2025,15:00:00,1500:00:00,L++ Link,118,0,100,85%,18,15%,NA,NA,NA,NA,NA,NA,NA,No Feedback Form,No Feedback Form
,Q1,Design Patterns with Java - 45694,Design Patterns with Java,Tech,Calendar Offering,3-Feb-2025,6-Feb-2025,16:00:00,528:00:00,L++ Link,37,14,33,89%,4,11%,50,NA,3.8,3.0,3.4,6,18%,Feedback Form Link,
,Q1,Design Patterns with Java - 45722,Design Patterns with Java,Tech,Calendar Offering,3-Mar-2025,6-Mar-2025,16:00:00,496:00:00,L++ Link,36,14,31,86%,5,14%,100,NA,4.8,4.8,4.8,5,16%,Feedback Form Link,
,Q1,Developing Applications with Google Cloud - 45751,Developing Applications with Google Cloud,Tech,Calendar Offering,1-Apr-2025,4-Apr-2025,16:00:00,512:00:00,L++ Link,35,11,32,91%,3,9%,60,NA,4.2,4.2,4.2,5,16%,Feedback Form Link,
,Q1,Eng 360  Take Control of Your Cloud Costs! - 45751,Eng 360  Take Control of Your Cloud Costs!,Tech,Ed Talk,4-Apr-2025,4-Apr-2025,1:00:00,90:00:00,L++ Link,NA,NA,90,NA,NA,NA,100,NA,NA,NA,NA,1,NA,Feedback Form Link,
,Q1,Eng360  Production Access - 45750,Eng360  Production Access,Tech,Ed Talk,3-Apr-2025,3-Apr-2025,1:00:00,124:00:00,L++ Link,NA,NA,124,NA,NA,NA,93,NA,NA,NA,NA,4,NA,Feedback Form Link,
,Q1,Engineering@Salesforce - 45701,Engineering@Salesforce,Onboarding,Onboarding,13-Feb-2025,13-Feb-2025,4:30:00,441:00:00,L++ Link,104,0,98,94%,6,6%,91,NA,NA,NA,NA,71,72%,Feedback Form Link,
,Q1,Engineering@Salesforce - 45729,Engineering@Salesforce,Onboarding,Onboarding,13-Mar-2025,13-Mar-2025,4:30:00,459:00:00,L++ Link,116,3,102,88%,14,12%,93,NA,NA,NA,NA,43,42%,Feedback Form Link,
,Q1,Engineering@Salesforce - 45763,Engineering@Salesforce,Onboarding,Onboarding,16-Apr-2025,16-Apr-2025,4:30:00,463:30:00,L++ Link,117,0,103,88%,14,12%,NA,NA,NA,NA,NA,NA,NA,Feedback Form Link,
,Q1,FKP EKS Patching - 45762,FKP EKS Patching,Tech,Ed Talk,15-Apr-2025,15-Apr-2025,1:00:00,209:00:00,L++ Link,NA,NA,209,NA,NA,NA,96,NA,NA,NA,NA,5,2%,Feedback Form Link,
,Q1,Gen AI 101 - 45729,Gen AI 101,Tech,Calendar Offering,10-Mar-2025,13-Mar-2025,16:00:00,592:00:00,L++ Link,41,4,37,90%,4,10%,60,NA,4.2,3.8,4.0,5,14%,Feedback Form Link,
,Q1,GIT Essentials - 45764,GIT Essentials,Tech,Calendar Offering,14-Apr-2025,17-Apr-2025,16:00:00,496:00:00,L++ Link,32,0,31,97%,1,3%,80,NA,8.7,8.7,8.7,3,10%,Feedback Form Link,
,Q1,Introduction to AI & ML on Google Cloud - 45757,Introduction to AI & ML on Google Cloud,Tech,Calendar Offering,7-Apr-2025,10-Apr-2025,16:00:00,608:00:00,L++ Link,40,3,38,95%,2,5%,78,NA,8.3,7.4,7.9,9,24%,Feedback Form Link,
,Q1,Python Programming for Developers - 45772,Python Programming for Developers,Tech,Calendar Offering,22-Apr-2025,25-Apr-2025,16:00:00,528:00:00,L++ Link,35,0,33,94%,2,6%,85,NA,9.3,8.1,8.7,12,36%,Feedback Form Link,
,Q1,Vector Databases - 45715,Vector Databases,Tech,Calendar Offering,24-Feb-2025,27-Feb-2025,16:00:00,560:00:00,L++ Link,40,4,35,88%,5,13%,100,NA,4.0,4.3,4.2,3,9%,Feedback Form Link,Updated on UDMS
,Q1,Welcome to T&P - BLR - 45699,Welcome to T&P - BLR,Onboarding,Onboarding,11-Feb-2025,11-Feb-2025,7:45:00,581:15:00,L++ Link,91,0,75,82%,16,18%,90,NA,NA,NA,NA,74,99%,Feedback Form Link,
,Q1,Welcome to T&P - BLR - 45713,Welcome to T&P - BLR,Onboarding,Onboarding,25-Feb-2025,25-Feb-2025,7:45:00,271:15:00,L++ Link,38,0,35,92%,3,8%,96,NA,NA,NA,NA,34,97%,Feedback Form Link,
,Q1,Welcome to T&P - BLR - 45727,Welcome to T&P - BLR,Onboarding,Onboarding,11-Mar-2025,11-Mar-2025,7:45:00,294:30:00,L++ Link,45,0,38,84%,7,16%,96,NA,NA,NA,NA,37,97%,Feedback Form Link,
,Q1,Welcome to T&P - BLR - 45741,Welcome to T&P - BLR,Onboarding,Onboarding,25-Mar-2025,25-Mar-2025,7:45:00,379:45:00,L++ Link,52,0,49,94%,3,6%,92,NA,NA,NA,NA,48,98%,Feedback Form Link,
,Q1,Welcome to T&P - BLR - 45754,Welcome to T&P - BLR,Onboarding,Onboarding,7-Apr-2025,7-Apr-2025,7:15:00,340:45:00,L++ Link,49,0,47,96%,2,4%,89,NA,NA,NA,NA,47,100%,Feedback Form Link,
,Q1,Welcome to T&P - BLR - 45768,Welcome to T&P - BLR,Onboarding,Onboarding,21-Apr-2025,21-Apr-2025,7:45:00,364:15:00,L++ Link,49,0,47,96%,2,4%,93,NA,NA,NA,NA,43,91%,Feedback Form Link,
,Q1,Welcome to T&P - HYD - 45699,Welcome to T&P - HYD,Onboarding,Onboarding,11-Feb-2025,11-Feb-2025,7:30:00,487:30:00,L++ Link,77,0,65,84%,12,16%,94,NA,NA,NA,NA,64,98%,Feedback Form Link,
,Q1,Welcome to T&P - HYD - 45713,Welcome to T&P - HYD,Onboarding,Onboarding,25-Feb-2025,25-Feb-2025,7:30:00,270:00:00,L++ Link,36,0,36,100%,0,0%,95,NA,NA,NA,NA,36,100%,Feedback Form Link,
,Q1,Welcome to T&P - HYD - 45734,Welcome to T&P - HYD,Onboarding,Onboarding,18-Mar-2025,18-Mar-2025,7:00:00,175:00:00,L++ Link,27,0,25,93%,2,7%,96,NA,NA,NA,NA,24,96%,Feedback Form Link,
,Q1,Welcome to T&P - HYD - 45741,Welcome to T&P - HYD,Onboarding,Onboarding,25-Mar-2025,25-Mar-2025,7:30:00,180:00:00,L++ Link,27,0,24,89%,3,11%,96,NA,NA,NA,NA,24,100%,Feedback Form Link,
,Q1,Welcome to T&P - HYD - 45769,Welcome to T&P - HYD,Onboarding,Onboarding,22-Apr-2025,22-Apr-2025,7:30:00,285:00:00,L++ Link,39,0,38,97%,1,3%,93,NA,NA,NA,NA,37,97%,Feedback Form Link,
,Q2,3 Layer SDM Architecture for Apps - 45853,3 Layer SDM Architecture for Apps,Tech,Road2Tour,15-Jul-2025,15-Jul-2025,1:00:00,191:00:00,L++ Link,215,0,191,89%,24,11%,92,100%,NA,NA,NA,20,10%,Feedback Form Link,
,Q2,"AI ForCe - Agents, Platforms and Experiences - 45862","AI ForCe - Agents, Platforms and Experiences",Tech,Road2Tour,24-Jul-2025,24-Jul-2025,1:00:00,36:00:00,L++ Link,50,4,36,72%,14,28%,97,100%,9.6,9.5,9.6,11,31%,Feedback Form Link,
,Q2,"AI Research & Applications of Time-Series, AIOps Agents and Code - 45861","AI Research & Applications of Time-Series, AIOps Agents and Code",Tech,Road2Tour,23-Jul-2025,23-Jul-2025,0:30:00,137:30:00,L++ Link,311,0,275,88%,36,12%,94,100%,NA,NA,NA,21,8%,Feedback Form Link,
,Q2,AI Tools for Agentforce Testing - Precise Utter - 45853,AI Tools for Agentforce Testing - Precise Utter,Tech,Road2Tour,15-Jul-2025,15-Jul-2025,0:30:00,129:00:00,L++ Link,294,0,258,88%,36,12%,91,100%,NA,NA,NA,22,9%,Feedback Form Link,
,Q2,AI Tools for Product Management - 45853,AI Tools for Product Management,Tech,Road2Tour,15-Jul-2025,15-Jul-2025,0:30:00,133:30:00,L++ Link,304,0,267,88%,37,12%,92,100%,NA,NA,NA,29,11%,Feedback Form Link,
,Q2,AImazing Race: Tools for Productivity - 45859,AImazing Race: Tools for Productivity,Tech,Road2Tour,21-Jul-2025,21-Jul-2025,1:00:00,20:00:00,L++ Link,38,14,20,53%,18,47%,88,100%,8.4,8.2,8.3,5,25%,Feedback Form Link,
,Q2,AImazing Race: Tools for Productivity - 45862,AImazing Race: Tools for Productivity,Tech,Road2Tour,24-Jul-2025,24-Jul-2025,1:00:00,50:00:00,L++ Link,55,16,50,91%,5,9%,94,100%,9.8,9.8,9.8,11,22%,Feedback Form Link,
,Q2,Bazel Fundamentals - 45792,Bazel Fundamentals,Tech,Calendar Offering,12-May-2025,15-May-2025,16:00:00,480:00:00,L++ Link,34,0,30,88%,4,12%,67,100%,7.0,6.7,6.8,3,10%,Feedback Form Link,
,Q2,Coding in Core (CinC) - APAC/EMEA - 45793,Coding in Core (CinC) - APAC/EMEA,Onboarding,Onboarding,12-May-2025,16-May-2025,15:00:00,1155:00:00,L++ Link,98,0,77,79%,21,21%,NA,NA,NA,NA,NA,NA,NA,No Feedback Form,No Feedback Form
,Q2,Coding in Core (CinC) - APAC/EMEA - 45821,Coding in Core (CinC) - APAC/EMEA,Onboarding,Onboarding,9-Jun-2025,13-Jun-2025,15:00:00,690:00:00,L++ Link,55,0,46,84%,9,16%,NA,NA,NA,NA,NA,NA,NA,No Feedback Form,No Feedback Form
,Q2,Coding in Core (CinC) - APAC/EMEA - 45856,Coding in Core (CinC) - APAC/EMEA,Onboarding,Onboarding,14-Jul-2025,18-Jul-2025,15:00:00,1350:00:00,L++ Link,102,0,90,88%,12,12%,NA,NA,NA,NA,NA,NA,NA,No Feedback Form,No Feedback Form
,Q2,"Connecting the GenAI Dots (Agents, Tools, and Frameworks): Agentforce, Cursor, A4S, AI AppDev, MCP, A2A  - 45852","Connecting the GenAI Dots (Agents, Tools, and Frameworks): Agentforce, Cursor, A4S, AI AppDev, MCP, A2A ",Tech,Road2Tour,14-Jul-2025,14-Jul-2025,1:00:00,754:00:00,L++ Link,918,0,754,82%,164,18%,90,100%,NA,NA,NA,69,9%,Feedback Form Link,
,Q2,Converge & Conquer: Merging Services and Databases for Efficiency - 45854,Converge & Conquer: Merging Services and Databases for Efficiency,Tech,Road2Tour,16-Jul-2025,16-Jul-2025,0:45:00,61:30:00,L++ Link,100,0,82,82%,18,18%,94,100%,NA,NA,NA,9,11%,Feedback Form Link,
,Q2,Crafting Clarity: The Content Strategy Behind Salesforce Go - 45855,Crafting Clarity: The Content Strategy Behind Salesforce Go,Tech,Road2Tour,17-Jul-2025,17-Jul-2025,0:30:00,39:30:00,L++ Link,99,0,79,80%,20,20%,80,100%,NA,NA,NA,1,1%,Feedback Form Link,
,Q2,Crafting Intelligent Apps with Salesforce Studio - 45861,Crafting Intelligent Apps with Salesforce Studio,Tech,Road2Tour,23-Jul-2025,23-Jul-2025,0:45:00,78:45:00,L++ Link,145,0,105,72%,40,28%,98,100%,NA,NA,NA,12,11%,Feedback Form Link,
,Q2,Data Cloud 101 Workshop - 45828,Data Cloud 101 Workshop,Tech,Internal Workshops,20-Jun-2025,20-Jun-2025,2:00:00,132:00:00,L++ Link,70,46,66,94%,4,6%,92,100%,9.3,9.4,9.4,25,38%,Feedback Form Link,
,,Data Cloud Deep Dive Workshop - BLR - 45813,Data Cloud Deep Dive Workshop - BLR,Tech,Internal Workshops,4-Jun-2025,5-Jun-2025,8:00:00,128:00:00,L++ Link,20,26 Total,,,,,,,,,,,,,
,Q2,Data Cloud Deep Dive Workshop - HYD - 45813,Data Cloud Deep Dive Workshop - HYD,Tech,Internal Workshops,4-Jun-2025,5-Jun-2025,8:00:00,128:00:00,L++ Link,20,23,16,80%,4,20%,,,,,,,,,
,Q2,Deeply Unified Platform - 45861,Deeply Unified Platform,Tech,Road2Tour,23-Jul-2025,23-Jul-2025,1:00:00,220:00:00,L++ Link,243,0,220,91%,23,9%,85,100%,NA,NA,NA,11,5%,Feedback Form Link,
,Q2,Design Patterns with Java - 45848,Design Patterns with Java,Tech,Calendar Offering,7-Jul-2025,10-Jul-2025,16:00:00,640:00:00,L++ Link,41,9,40,98%,1,2%,83,100%,9.3,9.3,9.3,10,25%,Feedback Form Link,
,Q2,Design Principles for Agentforce and Data Cloud (Engineering Summit) - 45805,Design Principles for Agentforce and Data Cloud (Engineering Summit),Tech,Ed Talk,28-May-2025,28-May-2025,1:00:00,621:00:00,L++ Link,621,0,621,100%,0,0%,82,NA,NA,NA,NA,39,6%,Feedback Form Link,
,Q2,Developing Applications on Google Cloud - 45820,Developing Applications on Google Cloud,Tech,Calendar Offering,9-Jun-2025,12-Jun-2025,16:00:00,560:00:00,L++ Link,36,6,35,97%,1,3%,73,100%,8.2,7.5,7.8,11,31%,Feedback Form Link,
,Q2,Eng360 - Analytics & Insights - 45862,Eng360 - Analytics & Insights,Tech,Road2Tour,24-Jul-2025,24-Jul-2025,1:00:00,22:00:00,L++ Link,30,0,22,73%,8,27%,100,100%,10.0,10.0,10.0,3,14%,Feedback Form Link,
,Q2,Eng360 Security - 3PP Gov Cloud Commitment - 45854,Eng360 Security - 3PP Gov Cloud Commitment,Tech,Ed Talk,16-Jul-2025,16-Jul-2025,1:00:00,50:00:00,L++ Link,NA,NA,50,NA,NA,NA,0,NA,NA,NA,NA,,,Feedback Form Link,
,Q2,Engineering Summit (Day 2): AMA with Architect Leaders (Hybrid) - 45805,Engineering Summit (Day 2): AMA with Architect Leaders (Hybrid),Tech,Ed Talk,28-May-2025,28-May-2025,0:45:00,169:30:00,L++ Link,226,0,226,100%,0,0%,NR,NR,NR,NR,NR,NR,NR,Feedback Form Link,No Feedback responses
,Q2,Engineering Summit: Presentations by Winners of AI Way > - 45805,Engineering Summit: Presentations by Winners of AI Way >,Tech,Ed Talk,28-May-2025,28-May-2025,1:00:00,618:00:00,L++ Link,618,0,618,100%,0,0%,NR,NR,NR,NR,NR,NR,NR,Feedback Form Link,No Feedback responses
,Q2,Engineering@SF - 45785,Engineering@SF,Onboarding,Onboarding,8-May-2025,8-May-2025,4:30:00,477:00:00,L++ Link,115,0,106,92%,9,8%,91,NA,NA,NA,NA,45,42%,Feedback Form Link,
,Q2,Engineering@SF - 45813,Engineering@SF,Onboarding,Onboarding,5-Jun-2025,5-Jun-2025,4:30:00,301:30:00,L++ Link,75,0,67,89%,8,11%,92,NA,NA,NA,NA,49,73%,Feedback Form Link,
,Q2,Engineering@SF - 45841,Engineering@SF,Onboarding,Onboarding,3-Jul-2025,3-Jul-2025,4:30:00,400:30:00,L++ Link,99,0,89,90%,10,10%,95,NA,NA,NA,NA,42,47%,Feedback Form Link,
,Q2,Falcon Faster 2025 Edition - 45859,Falcon Faster 2025 Edition,Tech,Road2Tour,21-Jul-2025,21-Jul-2025,0:45:00,8:15:00,L++ Link,26,0,11,42%,15,58%,100,100%,10.0,10.0,10.0,2,18%,Feedback Form Link,
,Q2,Falcon Faster 2025 Edition - 45862,Falcon Faster 2025 Edition,Tech,Road2Tour,24-Jul-2025,24-Jul-2025,0:45:00,20:15:00,L++ Link,33,18,27,82%,6,18%,NR,NR,NR,NR,NR,NR,NR,Feedback Form Link,No Feedback Responses
,Q2,From Content to Competitive Advantage: Rethinking Docs in the Age of AI - 45853,From Content to Competitive Advantage: Rethinking Docs in the Age of AI,Tech,Road2Tour,15-Jul-2025,15-Jul-2025,0:30:00,59:30:00,L++ Link,163,0,119,73%,44,27%,91,100%,NA,NA,NA,7,6%,Feedback Form Link,
,Q2,From Risk to Resilience: A Safe Change Conversation - 45859,From Risk to Resilience: A Safe Change Conversation,Tech,Road2Tour,21-Jul-2025,21-Jul-2025,0:45:00,19:30:00,L++ Link,34,0,26,76%,8,24%,100,100%,10.0,10.0,10.0,2,8%,Feedback Form Link,
,Q2,From Risk to Resilience: A Safe Change Conversation - 45862,From Risk to Resilience: A Safe Change Conversation,Tech,Road2Tour,24-Jul-2025,24-Jul-2025,0:45:00,32:15:00,L++ Link,56,0,43,77%,13,23%,NR,NR,NR,NR,NR,NR,NR,Feedback Form Link,No Feedback Responses
,Q2,Game on! | Exploring Product-Led Growth - 45859,Game on! | Exploring Product-Led Growth,Tech,Road2Tour,21-Jul-2025,21-Jul-2025,1:30:00,19:30:00,L++ Link,28,0,13,46%,15,54%,NR,NR,NR,NR,NR,NR,NR,Feedback Form Link,No Feedback Responses
,Q2,Game on! | Exploring Product-Led Growth - 45862,Game on! | Exploring Product-Led Growth,Tech,Road2Tour,24-Jul-2025,24-Jul-2025,1:30:00,19:30:00,L++ Link,23,0,13,57%,10,43%,95,100%,10.0,9.0,9.5,4,31%,Feedback Form Link,
,Q2,Idea2App: Agentforce - 45859,Idea2App: Agentforce,Tech,Road2Tour,21-Jul-2025,21-Jul-2025,3:30:00,84:00:00,L++ Link,36,14,24,67%,12,33%,84,100%,NA,NA,NA,9,38%,Feedback Form Link,
,Q2,Idea2App: Agentforce - 45862,Idea2App: Agentforce,Tech,Road2Tour,24-Jul-2025,24-Jul-2025,3:30:00,84:00:00,L++ Link,39,8,24,62%,15,38%,95,100%,NA,NA,NA,14,58%,Feedback Form Link,
,Q2,Introduction to AIML on Google Cloud - 45827,Introduction to AIML on Google Cloud,Tech,Calendar Offering,16-Jun-2025,19-Jun-2025,16:00:00,608:00:00,L++ Link,38,7,38,100%,0,0%,75,100%,7.9,7.5,7.7,11,29%,Feedback Form Link,
,Q2,Introduction to Flex Credits. Why is it a Game changer? - 45861,Introduction to Flex Credits. Why is it a Game changer?,Tech,Road2Tour,23-Jul-2025,23-Jul-2025,1:00:00,199:00:00,L++ Link,221,0,199,90%,22,10%,88,100%,NA,NA,NA,19,10%,Feedback Form Link,
,Q2,Kubernetes for Developers - 45799,Kubernetes for Developers,Tech,Calendar Offering,19-May-2025,22-May-2025,16:00:00,544:00:00,L++ Link,40,3,34,85%,6,15%,98,100%,9.8,9.7,9.7,9,26%,Feedback Form Link,
,Q2,Leveraging Model Context Protocol (MCP) for Generative AI Applications - 45847,Leveraging Model Context Protocol (MCP) for Generative AI Applications,Tech,Ed Talk,9-Jul-2025,9-Jul-2025,1:30:00,1180:30:00,L++ Link,NA,NA,787,NA,NA,NA,90,NA,NA,NA,NA,29,4%,Feedback Form Link,
,Q2,Load Reduction & Cost Optimization Strategy for API Manager - 45853,Load Reduction & Cost Optimization Strategy for API Manager,Tech,Road2Tour,15-Jul-2025,15-Jul-2025,0:45:00,102:45:00,L++ Link,160,0,137,86%,23,14%,90,100%,NA,NA,NA,8,6%,Feedback Form Link,
,Q2,Manage Your Project’s Safety With Project Branches - 45859,Manage Your Project’s Safety With Project Branches,Tech,Road2Tour,21-Jul-2025,21-Jul-2025,1:00:00,9:00:00,L++ Link,19,0,9,47%,10,53%,100,100%,9.8,9.8,9.8,6,67%,Feedback Form Link,
,Q2,Manage Your Project’s Safety With Project Branches - 45862,Manage Your Project’s Safety With Project Branches,Tech,Road2Tour,24-Jul-2025,24-Jul-2025,1:00:00,15:00:00,L++ Link,31,0,15,48%,16,52%,96,100%,10.0,9.8,9.9,5,33%,Feedback Form Link,
,Q2,Modern AI stack for a Java dev to Build Agents (MCP+LangGraph) - 45806,Modern AI stack for a Java dev to Build Agents (MCP+LangGraph),Tech,Ed Talk,29-May-2025,29-May-2025,1:00:00,522:00:00,L++ Link,522,0,522,100%,0,0%,93,NA,NA,NA,NA,18,3%,Feedback Form Link,
,Q2,MuleSoft IDP (Intelligent Document Processing) in Flows & Agents: Powered by DataCloud - 45853,MuleSoft IDP (Intelligent Document Processing) in Flows & Agents: Powered by DataCloud,Tech,Road2Tour,15-Jul-2025,15-Jul-2025,0:45:00,84:45:00,L++ Link,127,0,113,89%,14,11%,89,100%,NA,NA,NA,8,7%,Feedback Form Link,
,Q2,Next-Gen Java Development with Cursor - 45866,Next-Gen Java Development with Cursor,Tech,Ed Talk,28-Jul-2025,28-Jul-2025,1:00:00,514:00:00,L++ Link,NA,NA,514,NA,NA,NA,89,NA,NA,NA,NA,38,7.4%,Feedback Form Link,
,Q2,Overview of Monitoring Cloud with a Closer Look at USD and Cipher - 45855,Overview of Monitoring Cloud with a Closer Look at USD and Cipher,Tech,Road2Tour,17-Jul-2025,17-Jul-2025,0:45:00,169:30:00,L++ Link,238,0,226,95%,12,5%,87,100%,NA,NA,NA,9,4%,Feedback Form Link,
,Q2,Scale Automation with AI-Driven Workflows - 45854,Scale Automation with AI-Driven Workflows,Tech,Road2Tour,16-Jul-2025,16-Jul-2025,0:45:00,79:30:00,L++ Link,145,0,106,73%,39,27%,91,100%,NA,NA,NA,7,7%,Feedback Form Link,
,Q2,Semantic Data Model Development - 45854,Semantic Data Model Development,Tech,Road2Tour,16-Jul-2025,16-Jul-2025,2:00:00,474:00:00,L++ Link,262,0,237,90%,25,10%,89,100%,NA,NA,NA,25,11%,Feedback Form Link,
,Q2,Solve Business Challenges Faster with AgentExchange - 45855,Solve Business Challenges Faster with AgentExchange,Tech,Road2Tour,17-Jul-2025,17-Jul-2025,0:30:00,45:00:00,L++ Link,111,0,90,81%,21,19%,80,100%,NA,NA,NA,4,4%,Feedback Form Link,
,Q2,Supporting file based actions in Flows - 45854,Supporting file based actions in Flows,Tech,Road2Tour,16-Jul-2025,16-Jul-2025,0:45:00,108:45:00,L++ Link,169,0,145,86%,24,14%,73,100%,NA,NA,NA,4,3%,Feedback Form Link,
,Q2,The Double-Edged Sword: AI’s Impact on Network Security - 45859,The Double-Edged Sword: AI’s Impact on Network Security,Tech,Road2Tour,21-Jul-2025,21-Jul-2025,0:45:00,21:45:00,L++ Link,40,12,29,73%,11,28%,99,100%,9.9,9.9,9.9,15,52%,Feedback Form Link,
,Q2,The Double-Edged Sword: AI’s Impact on Network Security - 45862,The Double-Edged Sword: AI’s Impact on Network Security,Tech,Road2Tour,24-Jul-2025,24-Jul-2025,0:45:00,10:30:00,L++ Link,32,5,14,44%,18,56%,NR,NR,NR,NR,NR,NR,NR,Feedback Form Link,No Feedback Responses
,Q2,Till the Toil: Move Faster with Managed Releases and Ops (MR/MO) - 45859,Till the Toil: Move Faster with Managed Releases and Ops (MR/MO),Tech,Road2Tour,21-Jul-2025,21-Jul-2025,2:00:00,52:00:00,L++ Link,35,0,26,74%,9,26%,85,100%,9.4,9.2,9.3,10,38%,Feedback Form Link,
,Q2,Till the Toil: Move Faster with Managed Releases and Ops (MR/MO) - 45862,Till the Toil: Move Faster with Managed Releases and Ops (MR/MO),Tech,Road2Tour,24-Jul-2025,24-Jul-2025,2:00:00,60:00:00,L++ Link,33,18,30,91%,3,9%,NR,NR,NR,NR,NR,NR,NR,Feedback Form Link,No Feedback Responses
,Q2,Vector Databases - 45792,Vector Databases,Tech,Calendar Offering,12-May-2025,15-May-2025,16:00:00,608:00:00,L++ Link,41,3,38,93%,3,7%,62,100%,6.4,6.1,6.3,9,24%,Feedback Form Link,
,Q2,Vector Databases - 45848,Vector Databases,Tech,Calendar Offering,7-Jul-2025,10-Jul-2025,16:00:00,640:00:00,L++ Link,41,14,40,98%,1,2%,78,100%,8.5,7.3,7.9,13,33%,Feedback Form Link,
,Q2,Welcome to T&P - BLR - 45783,Welcome to T&P - BLR,Onboarding,Onboarding,6-May-2025,6-May-2025,7:30:00,412:30:00,L++ Link,58,0,55,95%,3,5%,83,NA,NA,NA,NA,48,87%,Feedback Form Link,
,Q2,Welcome to T&P - BLR - 45797,Welcome to T&P - BLR,Onboarding,Onboarding,20-May-2025,20-May-2025,7:00:00,189:00:00,L++ Link,31,0,27,87%,4,13%,92,NA,NA,NA,NA,25,93%,Feedback Form Link,
,Q2,Welcome to T&P - BLR - 45811,Welcome to T&P - BLR,Onboarding,Onboarding,3-Jun-2025,3-Jun-2025,7:45:00,124:00:00,L++ Link,19,0,16,84%,3,16%,90,NA,NA,NA,NA,12,75%,Feedback Form Link,
,Q2,Welcome to T&P - BLR - 45825,Welcome to T&P - BLR,Onboarding,Onboarding,17-Jun-2025,17-Jun-2025,7:45:00,155:00:00,L++ Link,20,0,20,100%,0,0%,94,NA,NA,NA,NA,19,95%,Feedback Form Link,
,Q2,Welcome to T&P - BLR - 45839,Welcome to T&P - BLR,Onboarding,Onboarding,1-Jul-2025,1-Jul-2025,7:45:00,255:45:00,L++ Link,33,0,33,100%,0,0%,95,NA,NA,NA,NA,30,91%,Feedback Form Link,
,Q2,Welcome to T&P - BLR - 45867,Welcome to T&P - BLR,Onboarding,Onboarding,29-Jul-2025,29-Jul-2025,7:30:00,465:00:00,L++ Link,66,0,62,94%,4,6%,91,NA,NA,NA,NA,61,98%,Feedback Form Link,
,Q2,Welcome to T&P - HYD - 45783,Welcome to T&P - HYD,Onboarding,Onboarding,6-May-2025,6-May-2025,7:30:00,172:30:00,L++ Link,27,0,23,85%,4,15%,97,NA,NA,NA,NA,15,65%,Feedback Form Link,
,Q2,Welcome to T&P - HYD - 45797,Welcome to T&P - HYD,Onboarding,Onboarding,20-May-2025,20-May-2025,7:30:00,202:30:00,L++ Link,30,0,27,90%,3,10%,95,NA,NA,NA,NA,23,85%,Feedback Form Link,
,Q2,Welcome to T&P - HYD - 45818,Welcome to T&P - HYD,Onboarding,Onboarding,10-Jun-2025,10-Jun-2025,7:30:00,195:00:00,L++ Link,27,0,26,96%,1,4%,94,NA,NA,NA,NA,20,77%,Feedback Form Link,
,Q2,Welcome to T&P - HYD - 45839,Welcome to T&P - HYD,Onboarding,Onboarding,1-Jul-2025,1-Jul-2025,7:30:00,480:00:00,L++ Link,66,0,64,97%,2,3%,92,NA,NA,NA,NA,63,98%,Feedback Form Link,
,Q2,Welcome to T&P - HYD - 45867,Welcome to T&P - HYD,Onboarding,Onboarding,29-Jul-2025,29-Jul-2025,7:30:00,442:30:00,L++ Link,60,0,59,98%,1,2%,95,NA,NA,NA,NA,58,98%,Feedback Form Link,
,Q2,Write Smarter: AI for Better PRDs and Design Docs  - 45852,Write Smarter: AI for Better PRDs and Design Docs ,Tech,Road2Tour,14-Jul-2025,14-Jul-2025,1:00:00,691:00:00,L++ Link,772,0,691,90%,81,10%,90,100%,NA,NA,NA,46,7%,Feedback Form Link,
,Q3,A Guide to Salesforce's OneJDK: From Migration to Adoption,Salesforce Java Summit,Tech,Ed Talk,17-Sep-2025,17-Sep-2025,1:00:00,16:00:00,L++ Link,NA,NA,16,NA,NA,NA,100,NA,NA,NA,NA,2,13%,Feedback Form Link,Post facto session
,Q3,Agents : Agentforce Agent Builder & How to Build Ambient Agents,AI Camp,Tech,Ed Talk,7-Oct-2025,7-Oct-2025,1:30:00,799:30:00,L++ Link,NA,NA,533,NA,NA,NA,84,100%,NA,NA,NA,81,15%,Feedback Form Link,
,Q3,"AI in Practice: Your Questions, Your Stories",AI Camp,Tech,Ed Talk,7-Oct-2025,7-Oct-2025,1:00:00,165:00:00,L++ Link,NA,NA,165,NA,NA,NA,87,100%,NA,NA,NA,19,12%,Feedback Form Link,
,Q3,AI Tool Fair (Booths),AI Camp,Tech,Other,7-Oct-2025,7-Oct-2025,2:00:00,0:00:00,L++ Link,NA,NA,0,NA,NA,NA,97,100%,NA,NA,NA,109,NA,Feedback Form Link,Booths Data
,Q3,Architecting and Building Microservices - 45876,Architecting and Building Microservices,Tech,Calendar Offering,4-Aug-2025,7-Aug-2025,16:00:00,704:00:00,L++ Link,44,12,44,100%,0,0%,75,100%,8.1,7.7,7.9,20,45%,Feedback Form Link,
,Q3,AWS Cloud Foundation Training - 45943,AWS Cloud Foundation Training,Tech,Ed Talk,13-Oct-2025,13-Oct-2025,2:00:00,50:00:00,L++ Link,49,0,25,51%,24,49%,84,100%,NA,NA,NA,5,20%,Feedback Form Link,
,Q3,Become an AI-Supercharged PM - 45910,Become an AI-Supercharged PM,Tech,Ed Talk,10-Sep-2025,10-Sep-2025,0:30:00,91:00:00,L++ Link,182,0,182,100%,0,0%,86,100%,NA,NA,NA,21,12%,Feedback Form Link,
,Q3,Claude Code & Windsurf Showcase,AI Camp,Tech,Ed Talk,7-Oct-2025,7-Oct-2025,1:00:00,583:00:00,L++ Link,NA,NA,583,NA,NA,NA,86,100%,NA,NA,NA,127,22%,Feedback Form Link,
,Q3,CloudWatch Roadmap & AI-Powered Observability - 45943,CloudWatch Roadmap & AI-Powered Observability,Tech,Ed Talk,13-Oct-2025,13-Oct-2025,1:30:00,258:00:00,L++ Link,NA,NA,172,NA,NA,NA,87,100%,NA,NA,NA,15,9%,Feedback Form Link,
,Q3,Coding in Core (CinC) - APAC/EMEA - 45891,Coding in Core (CinC) - APAC/EMEA,Onboarding,Onboarding,18-Aug-2025,22-Aug-2025,15:00:00,1065:00:00,L++ Link,95,0,71,75%,24,25%,NA,NA,NA,NA,NA,NA,NA,No Feedback Form,No Feedback Form
,Q3,Coding in Core (CinC) - APAC/EMEA - 45919,Coding in Core (CinC) - APAC/EMEA,Onboarding,Onboarding,15-Sep-2025,19-Sep-2025,15:00:00,735:00:00,L++ Link,61,0,49,80%,12,20%,NA,NA,NA,NA,NA,NA,NA,No Feedback Form,No Feedback Form
,Q3,Coding in Core (CinC) - APAC/EMEA - 45961,Coding in Core (CinC) - APAC/EMEA,Onboarding,Onboarding,27-Oct-2025,31-Oct-2025,15:00:00,480:00:00,L++ Link,43,0,32,74%,11,26%,NA,NA,NA,NA,NA,NA,NA,No Feedback Form,No Feedback Form
,Q3,Crafting Code with AI,AI Camp,Tech,Ed Talk,7-Oct-2025,7-Oct-2025,1:00:00,221:00:00,L++ Link,NA,NA,221,NA,NA,NA,88,100%,NA,NA,NA,65,29%,Feedback Form Link,
,Q3,Cursor in Core Development - 45923,Cursor in Core Development,Tech,Ed Talk,23-Sep-2025,23-Sep-2025,0:30:00,195:00:00,L++ Link,NA,NA,390,NA,NA,NA,83,100%,NA,NA,NA,18,5%,Feedback Form Link,
,Q3,Data Cloud Deep Dive Workshop - 45946,Data Cloud Deep Dive Workshop,Tech,Internal Workshops,15-Oct-2025,16-Oct-2025,8:00:00,80:00:00,L++ Link,17,0,10,59%,7,41%,80,100%,NA,NA,NA,5,50%,Feedback Form Link,
,Q3,Data Cloud Workshop (101 & 102) - 45870,Data Cloud Workshop (101 & 102),Tech,Internal Workshops,30-Jul-2025,1-Aug-2025,5:00:00,215:00:00,L++ Link,43,16,43,100%,0,0%,90,100%,9.4,NA,9.4,31,72%,Feedback Form Link,Attendance Sheet
,Q3,Design Patterns with Java - 45890,Design Patterns with Java,Tech,Calendar Offering,18-Aug-2025,21-Aug-2025,16:00:00,576:00:00,L++ Link,41,14,36,88%,5,12%,85,100%,9.2,8.2,8.7,13,36%,Feedback Form Link,
,Q3,Design Patterns with Java - 45960,Design Patterns with Java,Tech,Calendar Offering,27-Oct-2025,30-Oct-2025,16:00:00,592:00:00,L++ Link,40,7,37,93%,3,8%,83,100%,8.6,8.7,8.6,7,19%,Feedback Form Link,
,Q3,Elevate Your Java Development with Cursor,Salesforce Java Summit,Tech,Ed Talk,17-Sep-2025,17-Sep-2025,0:45:00,107:15:00,L++ Link,NA,NA,143,NA,NA,NA,91,NA,NA,NA,NA,21,15%,Feedback Form Link,Post facto session
,Q3,Engineering@Salesforce - 45882,Engineering@Salesforce,Onboarding,Onboarding,13-Aug-2025,13-Aug-2025,4:30:00,454:30:00,L++ Link,114,0,101,89%,13,11%,95,100%,NA,NA,NA,60,59%,Feedback Form Link,
,Q3,Engineering@Salesforce - 45911,Engineering@Salesforce,Onboarding,Onboarding,11-Sep-2025,11-Sep-2025,4:30:00,306:00:00,L++ Link,79,0,68,86%,11,14%,92,100%,NA,NA,NA,31,46%,Feedback Form Link,
,Q3,Engineering@Salesforce - 45953,Engineering@Salesforce,Onboarding,Onboarding,23-Oct-2025,23-Oct-2025,4:30:00,225:00:00,L++ Link,58,0,50,86%,8,14%,86,100%,NA,NA,NA,20,40%,Feedback Form Link,
,Q3,Generative AI-powered assistant - Amazon Q Dev CLI - 45890,Generative AI-powered assistant - Amazon Q Dev CLI,Tech,Ed Talk,21-Aug-2025,21-Aug-2025,1:30:00,141:00:00,L++ Link,NA,NA,94,NA,NA,NA,90,100%,NA,NA,NA,8,9%,Feedback Form Link,
,Q3,Hyperforce CRM Platform Introduction,Salesforce Java Summit,Tech,Ed Talk,17-Sep-2025,17-Sep-2025,1:00:00,126:00:00,L++ Link,NA,NA,126,NA,NA,NA,94,NA,NA,NA,NA,19,15%,Feedback Form Link,Post facto session
,Q3,Idea2App: Agentforce - 45877,Idea2App: Agentforce,Tech,Internal Workshops,8-Aug-2025,8-Aug-2025,3:30:00,84:00:00,"Learn++, Learn++",35,0,24,69%,11,31%,86,100%,NA,NA,NA,9,38%,Feedback Form Link,
,Q3,Idea2App: Agentforce - 45894,Idea2App: Agentforce,Tech,Internal Workshops,25-Aug-2025,25-Aug-2025,3:30:00,101:30:00,"Learn++, Learn++",36,0,29,81%,7,19%,69,100%,NA,NA,NA,11,38%,Feedback Form Link,
,Q3,Idea2App: Agentforce - 45925,Idea2App: Agentforce,Tech,Internal Workshops,25-Sep-2025,25-Sep-2025,3:30:00,63:00:00,L++ Link,31,0,18,58%,13,42%,73,100%,3.4,3.7,3.5,10,56%,Feedback Form Link,Learn++
,Q3,Implementing RAG for NLP - 45925,Implementing RAG for NLP,Tech,Calendar Offering,23-Sep-2025,25-Sep-2025,12:00:00,432:00:00,L++ Link,40,3,36,90%,4,10%,64,100%,6.3,6.3,6.3,12,33%,Feedback Form Link,
,Q3,Java Debugging,Salesforce Java Summit,Tech,Ed Talk,17-Sep-2025,17-Sep-2025,1:00:00,94:00:00,L++ Link,NA,NA,94,NA,NA,NA,96,NA,NA,NA,NA,23,24%,Feedback Form Link,Post facto session
,Q3,Multimodal AI for Conversational Agents - 45924,Multimodal AI for Conversational Agents,Tech,Calendar Offering,22-Sep-2025,24-Sep-2025,12:00:00,348:00:00,L++ Link,32,0,29,91%,3,9%,48,100%,6.3,5.5,5.9,6,21%,Feedback Form Link,
,Q3,OneJDK - Overview and security posture,Salesforce Java Summit,Tech,Ed Talk,17-Sep-2025,17-Sep-2025,0:45:00,40:30:00,L++ Link,NA,NA,54,NA,NA,NA,93,NA,NA,NA,NA,6,11%,Feedback Form Link,Post facto session
,Q3,OpenSearch 3.0 Technical Deep-Dive & Roadmap - 45918,OpenSearch 3.0 Technical Deep-Dive & Roadmap,Tech,Ed Talk,18-Sep-2025,18-Sep-2025,1:30:00,225:00:00,L++ Link,NA,NA,150,NA,NA,NA,89,NA,NA,NA,NA,8,5%,Feedback Form Link,Post facto session
,Q3,Prompt Engineering for Software Developers - 45918,Prompt Engineering for Software Developers,Tech,Calendar Offering,15-Sep-2025,18-Sep-2025,16:00:00,576:00:00,L++ Link,38,0,36,95%,2,5%,84,100%,9.3,8.8,9.1,18,50%,Feedback Form Link,
,Q3,Prompt Engineering for Software Developers - 45946,Prompt Engineering for Software Developers,Tech,Calendar Offering,13-Oct-2025,16-Oct-2025,16:00:00,640:00:00,L++ Link,40,5,40,100%,0,0%,79,100%,8.1,8.3,8.2,17,43%,Feedback Form Link,
,Q3,Python Programming for Developers - 45883,Python Programming for Developers,Tech,Calendar Offering,11-Aug-2025,14-Aug-2025,16:00:00,528:00:00,L++ Link,36,0,33,92%,3,8%,82,100%,8.5,7.8,8.2,15,45%,Feedback Form Link,
,Q3,Scone and Modern Java,Salesforce Java Summit,Tech,Ed Talk,17-Sep-2025,17-Sep-2025,0:45:00,94:30:00,L++ Link,NA,NA,126,NA,NA,NA,94,NA,NA,NA,NA,28,22%,Feedback Form Link,Post facto session
,Q3,Tableau & OneJDK,Salesforce Java Summit,Tech,Ed Talk,17-Sep-2025,17-Sep-2025,0:30:00,18:30:00,L++ Link,NA,NA,37,NA,NA,NA,94,NA,NA,NA,NA,7,19%,Feedback Form Link,Post facto session
,Q3,The OneJDK 21 Advantage: A Developer's Toolkit for High-Performance Java,Salesforce Java Summit,Tech,Ed Talk,17-Sep-2025,17-Sep-2025,0:30:00,52:30:00,L++ Link,NA,NA,105,NA,NA,NA,92,NA,NA,NA,NA,13,12%,Feedback Form Link,Post facto session
,Q3,Unlocking Scalability: How Synthetic Workloads Drive Performance at Salesforce,Salesforce Java Summit,Tech,Ed Talk,17-Sep-2025,17-Sep-2025,0:45:00,33:45:00,L++ Link,NA,NA,45,NA,NA,NA,98,NA,NA,NA,NA,12,27%,Feedback Form Link,Post facto session
,Q3,Vector Databases - 45940,Vector Databases,Tech,Calendar Offering,7-Oct-2025,10-Oct-2025,16:00:00,624:00:00,L++ Link,39,9,39,100%,0,0%,83,100%,9.1,9.0,9.0,20,51%,Feedback Form Link,
,Q3,Webtide (Java 25 and Jetty 12.1),Salesforce Java Summit,Tech,Ed Talk,17-Sep-2025,17-Sep-2025,0:45:00,51:00:00,L++ Link,NA,NA,68,NA,NA,NA,NA,NA,NA,NA,NA,0,0%,Feedback Form Link,No responses received
,Q3,Welcome to T&P - BLR - 45881,Welcome to T&P - BLR,Onboarding,Onboarding,12-Aug-2025,12-Aug-2025,6:30:00,208:00:00,L++ Link,33,0,32,97%,1,3%,89,100%,NA,NA,NA,32,100%,Feedback Form Link,
,Q3,Welcome to T&P - BLR - 45909,Welcome to T&P - BLR,Onboarding,Onboarding,9-Sep-2025,9-Sep-2025,7:00:00,238:00:00,L++ Link,34,0,34,100%,0,0%,91,100%,NA,8.9,NA,34,100%,Feedback Form Link,
,Q3,Welcome to T&P - BLR - 45937,Welcome to T&P - BLR,Onboarding,Onboarding,7-Oct-2025,7-Oct-2025,7:00:00,210:00:00,L++ Link,31,0,30,97%,1,3%,88,100%,NA,8.9,NA,29,97%,Feedback Form Link,
,Q3,Welcome to T&P - BLR - 45958,Welcome to T&P - BLR,Onboarding,Onboarding,28-Oct-2025,28-Oct-2025,7:45:00,232:30:00,L++ Link,31,0,30,97%,1,3%,90,100%,NA,NA,NA,27,90%,Feedback Form Link,
,Q3,Welcome to T&P - HYD - 45881,Welcome to T&P - HYD,Onboarding,Onboarding,12-Aug-2025,12-Aug-2025,6:30:00,104:00:00,L++ Link,19,0,16,84%,3,16%,97,100%,NA,NA,NA,16,100%,Feedback Form Link,
,Q3,Welcome to T&P - HYD - 45909,Welcome to T&P - HYD,Onboarding,Onboarding,9-Sep-2025,9-Sep-2025,7:30:00,135:00:00,L++ Link,19,0,18,95%,1,5%,95,100%,NA,9.4,NA,19,106%,Feedback Form Link,
,Q3,Welcome to T&P - HYD - 45937,Welcome to T&P - HYD,Onboarding,Onboarding,7-Oct-2025,7-Oct-2025,6:00:00,102:00:00,L++ Link,19,0,17,89%,2,11%,94,100%,NA,9.4,NA,17,100%,Feedback Form Link,
,Q4,Architect Success Group Meet - 45979,Architect Success Group Meet,Tech,Internal Workshops,18-Nov-2025,18-Nov-2025,,,Learn++,,,,,,,,,,,,,,Feedback Form,
,Q4,Architecting and Building Microservices - 45975,Architecting and Building Microservices,Tech,Calendar Offering,11-Nov-2025,14-Nov-2025,16:00:00,,Learn++,40,3,37,93%,3,8%,71,100%,7.8,7.2,7.5,18,49%,Feedback Link,
,Q4,Architecting and Building Microservices - 45995,Architecting and Building Microservices,Tech,Calendar Offering,1-Dec-2025,4-Dec-2025,16:00:00,,Learn++,42,6,38,90%,4,10%,77,100%,7.8,6.9,7.3,9,24%,Feedback Link,
,Q4,AWS Security Day - 45965,AWS Security Day,Tech,Internal Workshops,4-Nov-2025,4-Nov-2025,7:00:00,1645:00:00,Learn ++ Link,NA,0,235,NA,NA,NA,91,100%,NA,NA,NA,249,106%,Feedback Form,
,Q4,AWS Security Day - 45967,AWS Security Day,Tech,Internal Workshops,6-Nov-2025,6-Nov-2025,7:00:00,1281:00:00,Learn++,NA,0,183,NA,NA,NA,91,100%,NA,NA,NA,NA,NA,,
,Q4,Boosting Productivity with Slack Tools and Automations - 45994,Boosting Productivity with Slack Tools and Automations,Tech,Ed Talk,3-Dec-2025,3-Dec-2025,0:45:00,,Learn++,170,0,165,97%,5,3%,91,100%,NA,NA,NA,19,12%,Feedback Link,
,Q4,CodeCraft: Adding tests to legacy codebases - BLR - 45982,CodeCraft: Adding tests to legacy codebases - BLR,Tech,Internal Workshops,21-Nov-2025,21-Nov-2025,1:00:00,,Learn++,22,0,9,41%,13,59%,100,NA,NA,NA,NA,1,11%,,
,Q4,CodeCraft: Adding tests to legacy codebases - HYD - 45975,CodeCraft: Adding tests to legacy codebases - HYD,Tech,Internal Workshops,14-Nov-2025,14-Nov-2025,1:00:00,,Learn++,43,0,9,21%,34,79%,100,NA,NA,NA,NA,2,22%,,
,Q4,CodeCraft: AI Rules! - BLR - 45980,CodeCraft: AI Rules! - BLR,Tech,Internal Workshops,19-Nov-2025,19-Nov-2025,1:00:00,,Learn++,31,0,23,74%,8,26%,92,NA,NA,NA,NA,12,52%,Feedback Form,
,Q4,CodeCraft: AI Rules! - HYD - 45973,CodeCraft: AI Rules! - HYD,Tech,Internal Workshops,12-Nov-2025,12-Nov-2025,1:00:00,,Learn++,78,0,40,51%,38,49%,93,NA,NA,NA,NA,19,48%,Feedback Link,
,Q4,CodeCraft: Building a Growth Mindset and Continuous Learning Culture - BLR - 45981,CodeCraft: Building a Growth Mindset and Continuous Learning Culture - BLR,Tech,Internal Workshops,20-Nov-2025,20-Nov-2025,1:30:00,,Learn++,54,0,18,33%,36,67%,83,NA,NA,NA,NA,8,44%,Feedback Form,
,Q4,CodeCraft: Building a Growth Mindset and Continuous Learning Culture - HYD - 45974,CodeCraft: Building a Growth Mindset and Continuous Learning Culture - HYD,Tech,Internal Workshops,13-Nov-2025,13-Nov-2025,1:30:00,,Learn++,47,0,23,49%,24,51%,98,NA,NA,NA,NA,5,22%,Feedback Link,
,Q4,CodeCraft: Coach the Coach - Session 1 - BLR - 45978,CodeCraft: Coach the Coach - Session 1 - BLR,Tech,Internal Workshops,17-Nov-2025,17-Nov-2025,1:30:00,,Learn++,41,0,37,90%,4,10%,90,NA,NA,NA,NA,21,57%,,
,Q4,CodeCraft: Coach the Coach - Session 1 - HYD - 45971,CodeCraft: Coach the Coach - Session 1 - HYD,Tech,Internal Workshops,10-Nov-2025,10-Nov-2025,1:30:00,,Learn++,25,0,7,28%,18,72%,85,NA,NA,NA,NA,2,29%,Feedback Form,
,Q4,CodeCraft: Coach the Coach - Session 2 - BLR - 45980,CodeCraft: Coach the Coach - Session 2 - BLR,Tech,Internal Workshops,19-Nov-2025,19-Nov-2025,1:00:00,,Learn++,NA,NA,21,NA,NA,NA,87,NA,NA,NA,NA,6,29%,,
,Q4,CodeCraft: Coach the Coach - Session 2 - HYD - 45973,CodeCraft: Coach the Coach - Session 2 - HYD,Tech,Internal Workshops,12-Nov-2025,12-Nov-2025,1:00:00,,Learn++,22,0,7,32%,15,68%,100,NA,NA,NA,NA,1,14%,,
,Q4,CodeCraft: Coach the Coach - Session 3 - BLR - 45981,CodeCraft: Coach the Coach - Session 3 - BLR,Tech,Internal Workshops,20-Nov-2025,20-Nov-2025,1:30:00,,Learn++,NA,NA,15,NA,NA,NA,93,NA,NA,NA,NA,4,27%,,
,Q4,CodeCraft: Coach the Coach - Session 3 - HYD - 45974,CodeCraft: Coach the Coach - Session 3 - HYD,Tech,Internal Workshops,13-Nov-2025,13-Nov-2025,1:30:00,,Learn++,22,0,4,18%,18,82%,NR,NR,NR,NR,NR,NR,NR,,No Feedback Responses
,Q4,CodeCraft: Coach the Coach - Session 4 - BLR - 45982,CodeCraft: Coach the Coach - Session 4 - BLR,Tech,Internal Workshops,21-Nov-2025,21-Nov-2025,1:30:00,,Learn++,NA,NA,13,NA,NA,NA,95,NA,NA,NA,NA,4,31%,,
,Q4,CodeCraft: Coach the Coach - Session 4 - HYD - 45975,CodeCraft: Coach the Coach - Session 4 - HYD,Tech,Internal Workshops,14-Nov-2025,14-Nov-2025,1:30:00,,Learn++,22,0,6,27%,16,73%,100,NA,NA,NA,NA,2,33%,,
,Q4,CodeCraft: Collaborating with AI Coding Tools - BLR - 45978,CodeCraft: Collaborating with AI Coding Tools - BLR,Tech,Internal Workshops,17-Nov-2025,17-Nov-2025,2:00:00,,,62,0,51,82%,11,18%,94,NA,NA,NA,NA,36,71%,,
,Q4,CodeCraft: Collaborating with AI Coding Tools - HYD - 45971,CodeCraft: Collaborating with AI Coding Tools - HYD,Tech,Internal Workshops,10-Nov-2025,10-Nov-2025,2:00:00,,Learn++,116,0,66,57%,50,43%,91,NA,NA,NA,NA,9,14%,Feedback Form,
,Q4,"CodeCraft: Designing Architecture for Faster, Scalable Development - BLR - 45978","CodeCraft: Designing Architecture for Faster, Scalable Development - BLR",Tech,Internal Workshops,17-Nov-2025,17-Nov-2025,1:30:00,,Learn++,71,0,45,63%,26,37%,91,NA,NA,NA,NA,34,76%,Feedback Form,
,Q4,"CodeCraft: Designing Architecture for Faster, Scalable Development - HYD - 45971","CodeCraft: Designing Architecture for Faster, Scalable Development - HYD",Tech,Internal Workshops,10-Nov-2025,10-Nov-2025,1:30:00,,Learn++,69,0,27,39%,42,61%,97,NA,NA,NA,NA,6,22%,Feedback Form,
,Q4,CodeCraft: Dynamic re-teaming and adaptability - BLR - 45980,CodeCraft: Dynamic re-teaming and adaptability - BLR,Tech,Internal Workshops,19-Nov-2025,19-Nov-2025,1:00:00,,Learn++,7,0,7,100%,0,0%,NR,NA,NA,NA,NA,3,43%,,No Feedback Responses
,Q4,CodeCraft: Dynamic re-teaming and adaptability - HYD - 45973,CodeCraft: Dynamic re-teaming and adaptability - HYD,Tech,Internal Workshops,12-Nov-2025,12-Nov-2025,1:00:00,,Learn++,44,0,20,45%,24,55%,100,NA,NA,NA,NA,4,20%,,
,Q4,CodeCraft: High-quality Coding techniques and standards - BLR - 45979,CodeCraft: High-quality Coding techniques and standards - BLR,Tech,Internal Workshops,18-Nov-2025,18-Nov-2025,1:30:00,,Learn++,67,0,50,75%,17,25%,93,NA,NA,NA,NA,20,40%,,
,Q4,CodeCraft: High-quality Coding techniques and standards - HYD - 45972,CodeCraft: High-quality Coding techniques and standards - HYD,Tech,Internal Workshops,11-Nov-2025,11-Nov-2025,1:30:00,,Learn ++ ,63,0,14,22%,49,78%,97,NA,NA,NA,NA,6,43%,Feedback Form,
,Q4,CodeCraft: Immersive Cursor/Windsurf Coding Guided by Tests - BLR - 45979,CodeCraft: Immersive Cursor/Windsurf Coding Guided by Tests - BLR,Tech,Internal Workshops,18-Nov-2025,18-Nov-2025,2:00:00,,Learn++,49,0,51,104%,-2,-4%,91,NA,NA,NA,NA,29,57%,Feedback Form,
,Q4,CodeCraft: Immersive Cursor/Windsurf Coding Guided by Tests - HYD - 45972,CodeCraft: Immersive Cursor/Windsurf Coding Guided by Tests - HYD,Tech,Internal Workshops,11-Nov-2025,11-Nov-2025,2:00:00,,Learn++,96,0,50,52%,46,48%,94,NA,NA,NA,NA,25,50%,Feedback Form,
,Q4,CodeCraft: Knowledge sharing and Skill development - BLR - 45981,CodeCraft: Knowledge sharing and Skill development - BLR,Tech,Internal Workshops,20-Nov-2025,20-Nov-2025,1:00:00,,Learn++,18,0,4,22%,14,78%,97,NA,NA,NA,NA,3,75%,,No Feedback Responses
,Q4,CodeCraft: Knowledge sharing and Skill development - HYD - 45974,CodeCraft: Knowledge sharing and Skill development - HYD,Tech,Internal Workshops,13-Nov-2025,13-Nov-2025,1:00:00,,Learn++,30,0,7,23%,23,77%,NR,NR,NR,NR,NR,NR,NR,,No Feedback Responses
,Q4,CodeCraft: Meeting with Leaders - BLR - 45978,CodeCraft: Meeting with Leaders - BLR,Tech,Internal Workshops,17-Nov-2025,17-Nov-2025,1:00:00,,Learn++,NA,NA,11,NA,NA,NA,91,NA,NA,NA,NA,8,73%,,
,Q4,CodeCraft: New Hire Session - 2 - BLR - 45981,CodeCraft: New Hire Session - 2 - BLR,Tech,Internal Workshops,20-Nov-2025,20-Nov-2025,1:00:00,,Learn++,23,0,7,30%,16,70%,100,NA,NA,NA,NA,4,57%,,
,Q4,CodeCraft: New Hire Session - 2 - HYD - 45974,CodeCraft: New Hire Session - 2 - HYD,Tech,Internal Workshops,13-Nov-2025,13-Nov-2025,1:00:00,,Learn++,14,0,3,21%,11,79%,NR,NR,NR,NR,NR,NR,NR,,No Feedback Responses
,Q4,CodeCraft: New Hire Session -1 - BLR - 45979,CodeCraft: New Hire Session -1 - BLR,Tech,Internal Workshops,18-Nov-2025,18-Nov-2025,1:00:00,,Learn++,40,0,37,93%,3,8%,91,NA,NA,NA,NA,24,65%,,
,Q4,CodeCraft: New Hire Session -1 - HYD - 45972,CodeCraft: New Hire Session -1 - HYD,Tech,Internal Workshops,11-Nov-2025,11-Nov-2025,1:00:00,,Learn++,13,0,7,54%,6,46%,100,NA,NA,NA,NA,2,29%,Feedback Form,
,Q4,CodeCraft: Object-oriented Design and Clean Coding principles - BLR - 45979,CodeCraft: Object-oriented Design and Clean Coding principles - BLR,Tech,Internal Workshops,18-Nov-2025,18-Nov-2025,1:30:00,,Learn++,21,0,26,124%,-5,-24%,95,NA,NA,NA,NA,15,58%,,
,Q4,CodeCraft: Object-oriented Design and Clean Coding principles - HYD - 45972,CodeCraft: Object-oriented Design and Clean Coding principles - HYD,Tech,Internal Workshops,11-Nov-2025,11-Nov-2025,1:30:00,,Learn++,52,0,29,56%,23,44%,94,NA,NA,NA,NA,19,66%,Feedback Form,
,Q4,CodeCraft: On The Go - BLR - 45982,CodeCraft: On The Go - BLR,Tech,Internal Workshops,21-Nov-2025,21-Nov-2025,8:00:00,,Learn++,NA,NA,29,NA,NA,NA,95,NA,NA,NA,NA,12,41%,,
,Q4,CodeCraft: Open House - BLR - 45980,CodeCraft: Open House - BLR,Tech,Internal Workshops,19-Nov-2025,19-Nov-2025,1:30:00,,Learn++,NA,NA,8,NA,NA,NA,NR,NA,NA,NA,NA,0,0%,,No Feedback Responses
,Q4,CodeCraft: Rafactoring and improving testability - BLR - 45982,CodeCraft: Rafactoring and improving testability - BLR,Tech,Internal Workshops,21-Nov-2025,21-Nov-2025,1:00:00,,Learn++,35,0,16,46%,19,54%,94,NA,NA,NA,NA,7,44%,,
,Q4,CodeCraft: Rafactoring and improving testability - HYD - 45975,CodeCraft: Rafactoring and improving testability - HYD,Tech,Internal Workshops,14-Nov-2025,14-Nov-2025,1:00:00,,Learn++,54,0,8,15%,46,85%,100,NA,NA,NA,NA,2,25%,,
,Q4,CodeCraft: Sustainable coding for long-term Product Quality - BLR - 45982,CodeCraft: Sustainable coding for long-term Product Quality - BLR,Tech,Internal Workshops,21-Nov-2025,21-Nov-2025,1:30:00,,Learn++,57,0,12,21%,45,79%,97,NA,NA,NA,NA,3,25%,Feedback Form,
,Q4,CodeCraft: Sustainable coding for long-term Product Quality - HYD - 45975,CodeCraft: Sustainable coding for long-term Product Quality - HYD,Tech,Internal Workshops,14-Nov-2025,14-Nov-2025,1:30:00,,Learn++,42,0,16,38%,26,62%,100,NA,NA,NA,NA,3,19%,Feedback Link,
,Q4,CodeCraft: Team Collaboration and Process Improvement - BLR - 45980,CodeCraft: Team Collaboration and Process Improvement - BLR,Tech,Internal Workshops,19-Nov-2025,19-Nov-2025,1:30:00,,,11,0,8,73%,3,27%,95,NA,NA,NA,NA,6,75%,,
,Q4,CodeCraft: Team Collaboration and Process Improvement - HYD - 45973,CodeCraft: Team Collaboration and Process Improvement - HYD,Tech,Internal Workshops,12-Nov-2025,12-Nov-2025,1:30:00,,Learn++,39,0,9,23%,30,77%,90,NA,NA,NA,NA,2,22%,,
,Q4,Coding in Core (CinC) - APAC/EMEA - 45982,Coding in Core (CinC) - APAC/EMEA,Onboarding,Onboarding,17-Nov-2025,21-Nov-2025,15:00:00,,Learn++ Link,43,0,22,51%,21,49%,NA,NA,NA,NA,NA,NA,NA,NA,
,Q4,Coding in Core (CinC) - APAC/EMEA - 46010,Coding in Core (CinC) - APAC/EMEA,Onboarding,Onboarding,15-Dec-2025,19-Dec-2025,15:00:00,,Learn++ Link,50,0,28,56%,22,44%,NA,NA,NA,NA,NA,NA,NA,NA,
,Q4,Coding in Core (CinC) - APAC/EMEA - 46052,Coding in Core (CinC) - APAC/EMEA,Onboarding,Onboarding,26-Jan-2026,30-Jan-2026,15:00:00,,Learn++,67,0,49,73%,18,27%,NA,NA,NA,NA,NA,NA,NA,NA,
,Q4,Data Actions - 45985,Data Actions,Tech,Ed Talk,24-Nov-2025,24-Nov-2025,1:00:00,,Learn++,NA,NA,224,NA,NA,NA,91,NA,NA,NA,NA,8,4%,Feedback Link,
,Q4,Data Cloud 101 - 45982,Data Cloud 101,Tech,Internal Workshops,21-Nov-2025,21-Nov-2025,2:00:00,,Learn++,198,0,181,91%,17,9%,91,100%,NA,NA,NA,25,14%,Feedback Form,
,Q4,Data Cloud 102 - BLR - 45982,Data Cloud 102 - BLR,Tech,Internal Workshops,21-Nov-2025,21-Nov-2025,3:00:00,,Learn++,59,0,32,54%,27,46%,91,100%,NA,NA,NA,20,63%,Feedback Form,
,Q4,Data Cloud 102 - HYD - 45982,Data Cloud 102 - HYD,Tech,Internal Workshops,21-Nov-2025,21-Nov-2025,3:00:00,,Learn++,66,0,37,56%,29,44%,84,100%,NA,NA,NA,5,14%,Feedback Form,
,Q4,Data Cloud Deep Dive Workshop - 45965,Data Cloud Deep Dive Workshop,Tech,Internal Workshops,3-Nov-2025,4-Nov-2025,8:00:00,152:00:00,Learn++,31,0,19,61%,12,39%,96,100%,NA,NA,NA,5,26%,Feedback Form,
,Q4,Design Patterns with Java - 45981,Design Patterns with Java,Tech,Calendar Offering,17-Nov-2025,20-Nov-2025,16:00:00,,,39,0,32,82%,7,18%,81,100%,8.8,8.9,8.9,16,50%,Feedback Link,
,Q4,Engineering@Salesforce - 45987,Engineering@Salesforce,Onboarding,Onboarding,26-Nov-2025,26-Nov-2025,3:00:00,,Learn++ Link,67,0,57,85%,10,15%,93,NA,NA,NA,NA,24,42%,,
,Q4,Engineering@Salesforce - 46006,Engineering@Salesforce,Onboarding,Onboarding,15-Dec-2025,15-Dec-2025,3:30:00,,Learn++ Link,33,0,27,82%,6,18%,91,NA,NA,NA,NA,11,41%,,
,Q4,Engineering@Salesforce - 46043,Engineering@Salesforce,Onboarding,Onboarding,21-Jan-2026,21-Jan-2026,3:45:00,,Learn++ Link,79,0,74,94%,5,6%,92,NA,NA,NA,NA,45,61%,,
,Q4,Idea2App: Agentforce - 45971,Idea2App: Agentforce,Tech,Internal Workshops,10-Nov-2025,10-Nov-2025,3:30:00,,Learn++ Link,23,0,15,65%,8,35%,91,100%,NA,NA,NA,7,47%,Feedback Form,
,Q4,Idea2App: Agentforce - 45992,Idea2App: Agentforce,Tech,Internal Workshops,1-Dec-2025,1-Dec-2025,3:30:00,,Learn++,28,0,19,68%,9,32%,86,100%,NA,NA,NA,12,63%,Feedback Form,
,Q4,Idea2App: Agentforce - 46001,Idea2App: Agentforce,Tech,Internal Workshops,10-Dec-2025,10-Dec-2025,3:30:00,,Learn++,28,0,14,50%,14,50%,99,100%,NA,NA,NA,7,50%,Feedback Form,
,Q4,Implementing RAG for NLP - 46031,Implementing RAG for NLP,Tech,Calendar Offering,6-Jan-2026,9-Jan-2026,16:00:00,Learn++,Learn++,33,0,25,76%,8,24%,86,100%,8.2,8.4,8.3,5,20%,Feedback Link,
,Q4,Kiro - AI-Powered Development & AWS Management - 46007,Kiro - AI-Powered Development & AWS Management,Tech,Ed Talk,16-Dec-2025,16-Dec-2025,1:30:00,,Learn++,NA,NA,83,NA,NA,NA,85,100%,NA,NA,NA,2,2%,Feedback Link,
,Q4,Multimodal AI for Conversational Agents - 46044,Multimodal AI for Conversational Agents,Tech,Calendar Offering,19-Jan-2026,22-Jan-2026,16:00:00,Learn++,Learn ++ Link ,33,0,30,91%,3,9%,94,100%,9.4,9.1,9.3,8,27%,Feedback Link,
,Q4,Prompt Engineering for Software Developers - 45975,Prompt Engineering for Software Developers,Tech,Calendar Offering,11-Nov-2025,14-Nov-2025,16:00:00,,Learn++,42,8,38,90%,4,10%,92,100%,9.5,9.3,9.4,12,32%,Feedback Link,
,Q4,Prompt Engineering for Software Developers - 46002,Prompt Engineering for Software Developers,Tech,Calendar Offering,8-Dec-2025,11-Dec-2025,16:00:00,,Learn++ Link,35,0,33,94%,2,6%,83,100%,7.8,7.8,7.8,6,18%,Feedback Link,
,Q4,Prompt Engineering for Software Developers - 46031,Prompt Engineering for Software Developers,Tech,Calendar Offering,6-Jan-2026,9-Jan-2026,16:00:00,Learn++,Learn++,38,0,35,92%,3,8%,86,100%,8.7,8.5,8.6,10,29%,Feedback Link,
,Q4,Salesforce Personalization - 46008,Salesforce Personalization,Tech,Ed Talk,17-Dec-2025,17-Dec-2025,1:00:00,,Learn++,NA,NA,44,NA,NA,NA,100,100%,NA,NA,NA,6,14%,Feedback Link,
,Q4,The Next Era of OneJDK & AI - 46028,The Next Era of OneJDK & AI,Tech,Ed Talk,6-Jan-2026,6-Jan-2026,1:30:00,Learn++,Learn++ Link,NA,NA,165,NA,NA,NA,96,100%,NA,NA,NA,17,10%,Feedback Link,
,Q4,Vector Databases - 45995,Vector Databases,Tech,Calendar Offering,1-Dec-2025,4-Dec-2025,16:00:00,,Learn ++ Link ,39,0,34,87%,5,13%,82,100%,9.4,7.8,8.6,11,32%,Feedback Link,
,Q4,Welcome to T&P - BLR - 45972,Welcome to T&P - BLR,Onboarding,Onboarding,11-Nov-2025,11-Nov-2025,6:30:00,,Learn++ Link,29,0,27,93%,2,7%,91,NA,NA,NA,NA,26,96%,,
,Q4,Welcome to T&P - BLR - 46007,Welcome to T&P - BLR,Onboarding,Onboarding,16-Dec-2025,16-Dec-2025,6:30:00,,Learn++ Link,45,0,39,87%,6,13%,93,NA,NA,NA,NA,28,72%,,
,Q4,Welcome to T&P - BLR - 46042,Welcome to T&P - BLR,Onboarding,Onboarding,20-Jan-2026,20-Jan-2026,7:45:00,,Learn++ Link,55,0,52,95%,3,5%,90,NA,NA,NA,NA,31,60%,,
,Q4,Welcome to T&P - HYD - 45972,Welcome to T&P - HYD,Onboarding,Onboarding,11-Nov-2025,11-Nov-2025,7:30:00,,Learn++ Link,25,0,24,96%,1,4%,98,NA,NA,NA,NA,6,25%,,
,Q4,Welcome to T&P - HYD - 46007,Welcome to T&P - HYD,Onboarding,Onboarding,16-Dec-2025,16-Dec-2025,7:30:00,,Learn++ Link,43,0,35,81%,8,19%,95,NA,NA,NA,NA,16,46%,,
,Q4,Welcome to T&P - HYD - 46042,Welcome to T&P - HYD,Onboarding,Onboarding,20-Jan-2026,20-Jan-2026,7:30:00,,Learn++ Link,55,0,49,89%,6,11%,91,NA,NA,NA,NA,51,104%,,